[{
  "_id": {
    "$oid": "65e70ed9b8ad88c9f4512d39"
  },
  "restaurant": "Mcdonalds",
  "username": "PatriciaTom",
  "date": "2024-03-03",
  "rating": 5,
  "image": "mcdonalds.jpeg",
  "body": "The food was delicious and the staff was very friendly. Highly recommend!",
  "helpful": 3
},
{
  "_id": {
    "$oid": "65e70ed9b8ad88c9f4512d3a"
  },
  "restaurant": "Sbarro, Paco Manila",
  "username": "MacieAd",
  "date": "2024-04-03",
  "rating": 5,
  "image": "sbarro.jpeg",
  "body": "Amazing experience! The ambiance and food were top-notch.",
  "helpful": 3
},
{
  "_id": {
    "$oid": "65e70ed9b8ad88c9f4512d3b"
  },
  "restaurant": "Angrydobo, Taft Avenue",
  "username": "WilliamMart",
  "date": "2024-05-03",
  "rating": 5,
  "image": "angrydobo.jpeg",
  "body": "Delicious food with great presentation. Will definitely visit again!",
  "helpful": 3
}]