[{
  "_id": {
    "$oid": "65e709ceb8ad88c9f4512d27"
  },
  "name": "Mcdonalds",
  "cuisine": "Fast Food",
  "meals": "Breakfast, Brunch, Lunch, Dinner",
  "features": "Seating, Table Service",
  "locations": "Manila, Philippines",
  "website": "https://www.mcdonalds.com.ph/",
  "phone": "+63 2 521 2628",
  "images": [
    "image1.png",
    "image2.png"
  ]
},
{
  "_id": {
    "$oid": "65e709ceb8ad88c9f4512d28"
  },
  "name": "Sbarro, Paco Manila",
  "cuisine": "Fast Food",
  "meals": "Breakfast, Brunch, Lunch, Dinner",
  "features": "Seating, Table Service",
  "locations": "Manila, Philippines",
  "website": "https://sbarro.com/",
  "phone": "(02) 8900-5251",
  "images": [
    "image3.png",
    "image4.png"
  ]
},
{
  "_id": {
    "$oid": "65e709ceb8ad88c9f4512d29"
  },
  "name": "Angrydobo, Taft Avenue",
  "cuisine": "Fast Food",
  "meals": "Breakfast, Brunch, Lunch, Dinner",
  "features": "Seating, Table Service",
  "locations": "Manila, Philippines",
  "website": "https://www.facebook.com/officialangrydobo/",
  "phone": "+63 2 256 3335",
  "images": [
    "image5.png",
    "image6.png"
  ]
}]